/* Type of SQL : Oracle */

ALTER SESSION SET NLS_DATE_FORMAT = 'MM/DD/YYYY';
SET ESCAPE ON;

CREATE TABLE CustomerSC (
CUS_CODE integer,
CUS_LNAME varchar2(15),
CUS_FNAME varchar2(15),
CUS_INITIAL varchar2(1),
CUS_AREACODE varchar2(3),
CUS_PHONE varchar2(8),
CUS_BALANCE number(9,2)
);
INSERT INTO CustomerSC VALUES('10010','Ramas','Alfred','A','615','844-2573','0');
INSERT INTO CustomerSC VALUES('10011','Dunne','Leona','K','713','894-1238','0');
INSERT INTO CustomerSC VALUES('10012','Smith','Kathy','W','615','894-2285','345.86');
INSERT INTO CustomerSC VALUES('10013','Olowski','Paul','F','615','894-2180','536.75');
INSERT INTO CustomerSC VALUES('10014','Orlando','Myron','','615','222-1672','0');
INSERT INTO CustomerSC VALUES('10015','O''Brian','Amy','B','713','442-3381','0');
INSERT INTO CustomerSC VALUES('10016','Brown','James','G','615','297-1228','221.19');
INSERT INTO CustomerSC VALUES('10017','Williams','George','','615','290-2556','768.93');
INSERT INTO CustomerSC VALUES('10018','Farriss','Anne','G','713','382-7185','216.55');
INSERT INTO CustomerSC VALUES('10019','Smith','Olette','K','615','297-3809','0');

/* -- */


CREATE TABLE InvoiceSC (
INV_NUMBER integer,
CUS_CODE integer,
INV_DATE date
);
INSERT INTO InvoiceSC VALUES('1001','10014','1/16/2010');
INSERT INTO InvoiceSC VALUES('1002','10011','1/16/2010');
INSERT INTO InvoiceSC VALUES('1003','10012','1/16/2010');
INSERT INTO InvoiceSC VALUES('1004','10011','1/17/2010');
INSERT INTO InvoiceSC VALUES('1005','10018','1/17/2010');
INSERT INTO InvoiceSC VALUES('1006','10014','1/17/2010');
INSERT INTO InvoiceSC VALUES('1007','10015','1/17/2010');
INSERT INTO InvoiceSC VALUES('1008','10011','1/17/2010');

/* -- */

CREATE TABLE LINE (
INV_NUMBER integer,
LINE_NUMBER integer,
P_CODE varchar2(10),
LINE_UNITS number(9,2),
LINE_PRICE number(9,2)
);
INSERT INTO LINE VALUES('1001','1','13-Q2/P2','1','14.99');
INSERT INTO LINE VALUES('1001','2','23109-HB','1','9.95');
INSERT INTO LINE VALUES('1002','1','54778-2T','2','4.99');
INSERT INTO LINE VALUES('1003','1','2238/QPD','1','38.95');
INSERT INTO LINE VALUES('1003','2','1546-QQ2','1','39.95');
INSERT INTO LINE VALUES('1003','3','13-Q2/P2','5','14.99');
INSERT INTO LINE VALUES('1004','1','54778-2T','3','4.99');
INSERT INTO LINE VALUES('1004','2','23109-HB','2','9.95');
INSERT INTO LINE VALUES('1005','1','PVC23DRT','12','5.87');
INSERT INTO LINE VALUES('1006','1','SM-18277','3','6.99');
INSERT INTO LINE VALUES('1006','2','2232/QTY','1','109.92');
INSERT INTO LINE VALUES('1006','3','23109-HB','1','9.95');
INSERT INTO LINE VALUES('1006','4','89-WRE-Q','1','256.99');
INSERT INTO LINE VALUES('1007','1','13-Q2/P2','2','14.99');
INSERT INTO LINE VALUES('1007','2','54778-2T','1','4.99');
INSERT INTO LINE VALUES('1008','1','PVC23DRT','5','5.87');
INSERT INTO LINE VALUES('1008','2','WR3/TT3','3','119.95');
INSERT INTO LINE VALUES('1008','3','23109-HB','1','9.95');


CREATE TABLE PRODUCT (
P_CODE varchar2(10),
P_DESCRIPT varchar2(35),
P_INDATE date,
P_QOH integer,
P_MIN integer,
P_PRICE number(8,2),
P_DISCOUNT number(5,2),
V_CODE integer
);
INSERT INTO PRODUCT VALUES('11QER/31','Power painter, 15 psi., 3-nozzle','11/3/2009','8','5','109.99','0','25595');
INSERT INTO PRODUCT VALUES('13-Q2/P2','7.25-in. pwr. saw blade','12/13/2009','32','15', '14.99','0.05','21344');
INSERT INTO PRODUCT VALUES('14-Q1/L3','9.00-in. pwr. saw blade','11/13/2009','18','12','17.49','0','21344');
INSERT INTO PRODUCT VALUES('1546-QQ2','Hrd. cloth, 1/4-in., 2x50','1/15/2010','15','8','39.95','0','23119');
INSERT INTO PRODUCT VALUES('1558-QW1','Hrd. cloth, 1/2-in., 3x50','1/15/2010','23','5','43.99','0','23119');
INSERT INTO PRODUCT VALUES('2232/QTY','B\&D jigsaw, 12-in. blade','12/30/2009','8','5','109.92','0.05','24288');
INSERT INTO PRODUCT VALUES('2232/QWE','B\&D jigsaw, 8-in. blade','12/24/2009','6','5','99.87','0.05','24288');
INSERT INTO PRODUCT VALUES('2238/QPD','B\&D cordless drill, 1/2-in.','1/20/2010','12','5','38.95','0.05','25595');
INSERT INTO PRODUCT VALUES('23109-HB','Claw hammer','1/20/2010','23','10','9.95','0.1','21225');
INSERT INTO PRODUCT VALUES('23114-AA','Sledge hammer, 12 lb.','1/2/2010','8','5','14.40','0.05','');
INSERT INTO PRODUCT VALUES('54778-2T','Rat-tail file, 1/8-in. fine','12/15/2009','43','20','4.99','0','21344');
INSERT INTO PRODUCT VALUES('89-WRE-Q','Hicut chain saw, 16 in.','2/7/2010','11','5','256.99','0.05','24288');
INSERT INTO PRODUCT VALUES('PVC23DRT','PVC pipe, 3.5-in., 8-ft','2/20/2010','188','75','5.87','0','');
INSERT INTO PRODUCT VALUES('SM-18277','1.25-in. metal screw, 25','3/1/2010','172','75','6.99','0','21225');
INSERT INTO PRODUCT VALUES('SW-23116','2.5-in. wd. screw, 50','2/24/2010','237','100','8.45','0','21231');
INSERT INTO PRODUCT VALUES('WR3/TT3','Steel matting, 4''x8''x1/6", .5" mesh','1/17/2010','18','5','119.95','0.1','25595');


/* -- */

CREATE TABLE VENDOR (
V_CODE integer,
V_NAME varchar2(15),
V_CONTACT varchar2(50),
V_AREACODE varchar2(3),
V_PHONE varchar2(8),
V_STATE varchar2(2),
V_ORDER varchar2(1)
);
INSERT INTO VENDOR VALUES('21225','Bryson, Inc.','Smithson','615','223-3234','TN','Y');
INSERT INTO VENDOR VALUES('21226','SuperLoo, Inc.','Flushing','904','215-8995','FL','N');
INSERT INTO VENDOR VALUES('21231','D\&E Supply','Singh','615','228-3245','TN','Y');
INSERT INTO VENDOR VALUES('21344','Gomez Bros.','Ortega','615','889-2546','KY','N');
INSERT INTO VENDOR VALUES('22567','Dome Supply','Smith','901','678-1419','GA','N');
INSERT INTO VENDOR VALUES('23119','Randsets Ltd.','Anderson','901','678-3998','GA','Y');
INSERT INTO VENDOR VALUES('24004','Brackman Bros.','Browning','615','228-1410','TN','N');
INSERT INTO VENDOR VALUES('24288','ORDVA, Inc.','Hakford','615','898-1234','TN','Y');
INSERT INTO VENDOR VALUES('25443','B\&K, Inc.','Smith','904','227-0093','FL','N');
INSERT INTO VENDOR VALUES('25501','Damal Supplies','Smythe','615','890-3529','TN','N');
INSERT INTO VENDOR VALUES('25595','Rubicon Systems','Orton','904','456-0092','FL','Y');

SET ESCAPE OFF;

/* 
26. SELECT COUNT(INV_NUMBER) FROM InvoiceSC;

27.SELECT COUNT(CUS_BALANCE) FROM CustomerSC WHERE CUS_BALANCE>500;

28. SELECT InvoiceSC.CUS_CODE, InvoiceSC.INV_NUMBER, Invoicesc.INV_DATE,
  PRODUCT.P_DESCRIPT, LINE.LINE_UNITS, LINE.LINE_PRICE
  FROM InvoiceSC, PRODUCT, LINE
  WHERE  InvoiceSC.INV_NUMBER=LINE.INV_NUMBER
  AND LINE.P_CODE=PRODUCT.P_CODE
  ORDER BY InvoiceSC.CUS_CODE, InvoiceSC.INV_NUMBER;

29. SELECT InvoiceSC.CUS_CODE, InvoiceSC.INV_NUMBER, PRODUCT.P_DESCRIPT,
  LINE.LINE_UNITS AS "Units Bought", LINE.LINE_PRICE AS "Unit Price",
  LINE.LINE_UNITS*LINE.LINE_PRICE AS Subtotal
  FROM InvoiceSC, PRODUCT, LINE
  WHERE  InvoiceSC.INV_NUMBER=LINE.INV_NUMBER
  AND LINE.P_CODE=PRODUCT.P_CODE
  ORDER BY InvoiceSC.CUS_CODE, InvoiceSC.INV_NUMBER;
  
30. CREATE VIEW QUESTION29 AS
SELECT InvoiceSC.CUS_CODE, InvoiceSC.INV_NUMBER, PRODUCT.P_DESCRIPT,
  LINE.LINE_UNITS AS "Units Bought", LINE.LINE_PRICE AS "Unit Price",
  LINE.LINE_UNITS*LINE.LINE_PRICE AS Subtotal
  FROM InvoiceSC, PRODUCT, LINE
  WHERE  InvoiceSC.INV_NUMBER=LINE.INV_NUMBER
  AND LINE.P_CODE=PRODUCT.P_CODE
  ORDER BY InvoiceSC.CUS_CODE, InvoiceSC.INV_NUMBER;
  
CREATE VIEW QUESTION30 AS
SELECT CUS_CODE, 
 SUM(Subtotal) AS "Total Purchases"
  FROM QUESTION29
  GROUP BY QUESTION29.CUS_CODE
  ORDER BY QUESTION29.CUS_CODE;

SELECT QUESTION30.CUS_CODE, CustomerSC.CUS_BALANCE, QUESTION30."Total Purchases"
  FROM QUESTION30, CustomerSC
  WHERE CustomerSC.CUS_CODE = QUESTION30.CUS_CODE;
  
 31.CREATE VIEW QUESTION29 AS
SELECT InvoiceSC.CUS_CODE, InvoiceSC.INV_NUMBER, PRODUCT.P_DESCRIPT,
  LINE.LINE_UNITS AS "Units Bought", LINE.LINE_PRICE AS "Unit Price",
  LINE.LINE_UNITS*LINE.LINE_PRICE AS Subtotal
  FROM InvoiceSC, PRODUCT, LINE
  WHERE  InvoiceSC.INV_NUMBER=LINE.INV_NUMBER
  AND LINE.P_CODE=PRODUCT.P_CODE
  ORDER BY InvoiceSC.CUS_CODE, InvoiceSC.INV_NUMBER;

CREATE VIEW QUESTION31 AS
SELECT CUS_CODE, COUNT(CUS_CODE) AS "Number of Purchases"
FROM QUESTION29
GROUP BY CUS_CODE
ORDER BY CUS_CODE;

CREATE VIEW QUESTION30 AS
SELECT CUS_CODE, 
 SUM(Subtotal) AS "Total Purchases"
  FROM QUESTION29
  GROUP BY QUESTION29.CUS_CODE
  ORDER BY QUESTION29.CUS_CODE;

SELECT QUESTION30.CUS_CODE, CustomerSC.CUS_BALANCE, QUESTION30."Total Purchases",
  QUESTION31."Number of Purchases"
  FROM QUESTION30, CustomerSC, QUESTION31
  WHERE CustomerSC.CUS_CODE = QUESTION30.CUS_CODE
  AND CustomerSC.CUS_CODE = QUESTION31.CUS_CODE;
  
 32. SELECT QUESTION30.CUS_CODE, CustomerSC.CUS_BALANCE, QUESTION30."Total Purchases",
  QUESTION31."Number of Purchases", 
  ROUND((QUESTION30."Total Purchases"/QUESTION31."Number of Purchases"),2) 
  AS "Average Purchase Amount"
  FROM QUESTION30, CustomerSC, QUESTION31
  WHERE CustomerSC.CUS_CODE = QUESTION30.CUS_CODE
  AND CustomerSC.CUS_CODE = QUESTION31.CUS_CODE;
  
 33. SELECT InvoiceSC.INV_NUMBER, 
  SUM(LINE.LINE_UNITS*LINE.LINE_PRICE) AS "Invoice Total"
  FROM InvoiceSC, LINE
  WHERE InvoiceSC.INV_NUMBER=LINE.INV_NUMBER
  GROUP BY InvoiceSC.INV_NUMBER
  ORDER BY InvoiceSC.INV_NUMBER;
  
  34.SELECT CustomerSC.CUS_CODE, InvoiceSC.INV_NUMBER, 
  SUM(LINE.LINE_UNITS*LINE.LINE_PRICE) AS "Invoice Total"
  FROM CustomerSC, InvoiceSC, LINE
  WHERE CustomerSC.CUS_CODE = InvoiceSC.CUS_CODE
  AND InvoiceSC.INV_NUMBER=LINE.INV_NUMBER
  GROUP BY CustomerSC.CUS_CODE, InvoiceSC.INV_NUMBER
  ORDER BY CustomerSC.CUS_CODE;
  
  35. CREATE VIEW QUESTION34 AS
SELECT CustomerSC.CUS_CODE, InvoiceSC.INV_NUMBER, 
  SUM(LINE.LINE_UNITS*LINE.LINE_PRICE) AS "Invoice Total"
  FROM CustomerSC, InvoiceSC, LINE
  WHERE CustomerSC.CUS_CODE = InvoiceSC.CUS_CODE
  AND InvoiceSC.INV_NUMBER=LINE.INV_NUMBER
  GROUP BY CustomerSC.CUS_CODE, InvoiceSC.INV_NUMBER
  ORDER BY CustomerSC.CUS_CODE;
  
CREATE VIEW QUESTION35 AS
SELECT CUS_CODE, COUNT(INV_NUMBER)AS "Number of Invoices"
  FROM QUESTION34
  GROUP BY CUS_CODE
  ORDER BY CUS_CODE;
  
SELECT QUESTION35.CUS_CODE, QUESTION35."Number of Invoices", 
  QUESTION30."Total Purchases" AS "Total Customer Purchases"
  FROM QUESTION35, QUESTION30
  WHERE QUESTION35.CUS_CODE=QUESTION30.CUS_CODE
  
 36. SELECT COUNT(INV_NUMBER) AS "Total Invoices", 
  SUM("Invoice Total") AS "Total Sales",
  MIN("Invoice Total") AS "Minimum Sale",
  MAX("Invoice Total") AS "Maximum Sale",
  AVG("Invoice Total") AS "Avereage Sale"
  FROM QUESTION34;
  
 37. SELECT CustomerSC.CUS_CODE, SUM(CUS_BALANCE)AS "CUS_BALANCE"
  FROM CustomerSC, InvoiceSC
  WHERE CustomerSC.CUS_CODE = InvoiceSC.CUS_CODE
  GROUP BY CustomerSC.CUS_CODE
  ORDER BY CustomerSC.CUS_CODE;
  
 38. CREATE VIEW QUESTION37 AS
SELECT CustomerSC.CUS_CODE, SUM(CUS_BALANCE)AS "CUS_BALANCE"
  FROM CustomerSC, InvoiceSC
  WHERE CustomerSC.CUS_CODE = InvoiceSC.CUS_CODE
  GROUP BY CustomerSC.CUS_CODE
  ORDER BY CustomerSC.CUS_CODE;
  
SELECT MIN(CUS_BALANCE) AS "Minimum Balance",
  MAX (CUS_BALANCE) AS "Maximum Balance",
  AVG (CUS_BALANCE) AS "Average Balance"
  FROM QUESTION37;
  
 39. SELECT SUM(CUS_BALANCE) AS "Total Balances",
  MIN (CUS_BALANCE) AS "Minimum Balance",
  MAX (CUS_BALANCE) AS "Maximum Balance",
  AVG (CUS_BALANCE) AS "Average Balance"
  FROM CustomerSC;
  
 40.SELECT CustomerSC.CUS_CODE, SUM(CUS_BALANCE)AS "CUS_BALANCE"
  FROM CustomerSC
  LEFT OUTER JOIN InvoiceSC ON CustomerSC.CUS_CODE=InvoiceSC.CUS_CODE
  WHERE InvoiceSC.CUS_CODE IS NULL
  GROUP BY CustomerSC.CUS_CODE
  ORDER BY CustomerSC.CUS_CODE;
  
 41. CREATE VIEW QUESTION40 AS
SELECT CustomerSC.CUS_CODE, SUM(CUS_BALANCE)AS "CUS_BALANCE"
  FROM CustomerSC
  LEFT OUTER JOIN InvoiceSC ON CustomerSC.CUS_CODE=InvoiceSC.CUS_CODE
  WHERE InvoiceSC.CUS_CODE IS NULL
  GROUP BY CustomerSC.CUS_CODE
  ORDER BY CustomerSC.CUS_CODE;
  
SELECT SUM(CUS_BALANCE) AS "Total Balances",
  MIN (CUS_BALANCE) AS "Minimum Balance",
  MAX (CUS_BALANCE) AS "Maximum Balance",
  AVG (CUS_BALANCE) AS "Average Balance"
  FROM QUESTION40;
  
 42. SELECT P_DESCRIPT,P_QOH, P_PRICE, (P_QOH*P_PRICE) AS Subtotal
  FROM PRODUCT
  ORDER BY P_CODE;
  
43.CREATE VIEW ANSWER AS
SELECT P_DESCRIPT,P_QOH, P_PRICE, (P_QOH*P_PRICE) AS Subtotal
  FROM PRODUCT
  ORDER BY P_CODE;
  
SELECT SUM(Subtotal) AS "Total Value of Inventory"
FROM ANSWER;
	
  */
 
